{
  "x_mean": [
    -3.1079203564656805e-11,
    4.804107398468985e-10,
    1.7784942548334328e-10,
    5.5277524136714803e-11,
    -1.508526596750609e-10,
    3.978730668208448e-11,
    1.1694208798904764e-10,
    4.7343108819890346e-11,
    -2.0833601711562317e-10,
    5.5573830102903274e-11
  ],
  "x_scale": [
    0.047565149146161945,
    0.047565149719571286,
    0.047565149163249755,
    0.04756514956300384,
    0.047565149203042,
    0.04756514941095048,
    0.04756514927083484,
    0.04756514933297943,
    0.04756514951375407,
    0.04756514957384928
  ],
  "y_mean": 152.13348416289594,
  "y_scale": 77.00574586945044,
  "feature_names": [
    "age",
    "sex",
    "bmi",
    "bp",
    "s1",
    "s2",
    "s3",
    "s4",
    "s5",
    "s6"
  ]
}